timestamp,agent.name,rule.description,rule.level,rule.id
"Jun 2, 2026 @ 09:24:00.273","soc-cloud-victim-03","Successful sudo to ROOT executed.","3","5402"
"Jun 2, 2026 @ 09:24:00.273","soc-cloud-victim-03","PAM: Login session opened.","3","5501"
"Jun 2, 2026 @ 09:20:52.101","soc-cloud-victim-03","PAM: Login session closed.","3","5502"
"Jun 2, 2026 @ 09:20:52.077","soc-cloud-victim-03","Successful sudo to ROOT executed.","3","5402"
"Jun 2, 2026 @ 09:20:52.077","soc-cloud-victim-03","PAM: Login session opened.","3","5501"
"Jun 2, 2026 @ 09:20:52.076","soc-cloud-victim-03","PAM: Login session opened.","3","5501"
"Jun 2, 2026 @ 09:20:52.076","soc-cloud-victim-03","PAM: Login session closed.","3","5502"
"Jun 2, 2026 @ 09:20:52.063","soc-cloud-victim-03","PAM: Login session closed.","3","5502"
"Jun 2, 2026 @ 09:20:52.063","soc-cloud-victim-03","Successful sudo to ROOT executed.","3","5402"
"Jun 2, 2026 @ 09:20:52.063","soc-cloud-victim-03","PAM: Login session opened.","3","5501"
"Jun 2, 2026 @ 09:20:52.063","soc-cloud-victim-03","PAM: Login session opened.","3","5501"
"Jun 2, 2026 @ 09:20:52.063","soc-cloud-victim-03","Successful sudo to ROOT executed.","3","5402"
"Jun 2, 2026 @ 09:20:52.063","soc-cloud-victim-03","PAM: Login session closed.","3","5502"
"Jun 2, 2026 @ 09:20:52.051","soc-cloud-victim-03","Successful sudo to ROOT executed.","3","5402"
"Jun 2, 2026 @ 09:19:23.967","soc-cloud-victim-03","PAM: Login session closed.","3","5502"
"Jun 2, 2026 @ 09:19:21.987","soc-cloud-victim-03","Prowlarr suspicious DNS request to .xyz/.top TLD","10","100101"
"Jun 2, 2026 @ 09:19:21.962","soc-cloud-victim-03","Prowlarr suspicious DNS request to .xyz/.top TLD","10","100101"
"Jun 2, 2026 @ 09:19:19.997","soc-cloud-victim-03","Dpkg (Debian Package) half configured.","7","2904"
"Jun 2, 2026 @ 09:19:19.997","soc-cloud-victim-03","Dpkg (Debian Package) half configured.","7","2904"
"Jun 2, 2026 @ 09:19:19.997","soc-cloud-victim-03","Dpkg (Debian Package) half configured.","7","2904"
"Jun 2, 2026 @ 09:19:19.997","soc-cloud-victim-03","New dpkg (Debian Package) installed.","7","2902"
"Jun 2, 2026 @ 09:19:19.997","soc-cloud-victim-03","New dpkg (Debian Package) installed.","7","2902"
"Jun 2, 2026 @ 09:19:19.997","soc-cloud-victim-03","New dpkg (Debian Package) installed.","7","2902"
"Jun 2, 2026 @ 09:19:19.972","soc-cloud-victim-03","New dpkg (Debian Package) installed.","7","2902"
"Jun 2, 2026 @ 09:19:19.972","soc-cloud-victim-03","New dpkg (Debian Package) installed.","7","2902"
"Jun 2, 2026 @ 09:19:19.972","soc-cloud-victim-03","Dpkg (Debian Package) half configured.","7","2904"
"Jun 2, 2026 @ 09:19:19.963","soc-cloud-victim-03","Dpkg (Debian Package) half configured.","7","2904"
"Jun 2, 2026 @ 09:19:19.963","soc-cloud-victim-03","New dpkg (Debian Package) installed.","7","2902"
"Jun 2, 2026 @ 09:19:19.963","soc-cloud-victim-03","Dpkg (Debian Package) half configured.","7","2904"
"Jun 2, 2026 @ 09:19:19.962","soc-cloud-victim-03","New dpkg (Debian Package) installed.","7","2902"
"Jun 2, 2026 @ 09:19:19.962","soc-cloud-victim-03","New dpkg (Debian Package) installed.","7","2902"
"Jun 2, 2026 @ 09:19:17.978","soc-cloud-victim-03","Dpkg (Debian Package) half configured.","7","2904"
"Jun 2, 2026 @ 09:19:17.978","soc-cloud-victim-03","Dpkg (Debian Package) half configured.","7","2904"
"Jun 2, 2026 @ 09:19:17.978","soc-cloud-victim-03","New dpkg (Debian Package) installed.","7","2902"
"Jun 2, 2026 @ 09:19:17.952","soc-cloud-victim-03","New dpkg (Debian Package) installed.","7","2902"
"Jun 2, 2026 @ 09:19:17.952","soc-cloud-victim-03","Dpkg (Debian Package) half configured.","7","2904"
"Jun 2, 2026 @ 09:19:17.946","soc-cloud-victim-03","Dpkg (Debian Package) half configured.","7","2904"
"Jun 2, 2026 @ 09:19:17.946","soc-cloud-victim-03","New dpkg (Debian Package) installed.","7","2902"
"Jun 2, 2026 @ 09:19:17.946","soc-cloud-victim-03","Dpkg (Debian Package) half configured.","7","2904"
"Jun 2, 2026 @ 09:19:17.946","soc-cloud-victim-03","New dpkg (Debian Package) installed.","7","2902"
"Jun 2, 2026 @ 09:19:17.927","soc-cloud-victim-03","New dpkg (Debian Package) installed.","7","2902"
"Jun 2, 2026 @ 09:19:17.927","soc-cloud-victim-03","Dpkg (Debian Package) half configured.","7","2904"
"Jun 2, 2026 @ 09:19:17.927","soc-cloud-victim-03","New dpkg (Debian Package) installed.","7","2902"
"Jun 2, 2026 @ 09:19:17.917","soc-cloud-victim-03","Dpkg (Debian Package) half configured.","7","2904"
"Jun 2, 2026 @ 09:19:17.917","soc-cloud-victim-03","New dpkg (Debian Package) installed.","7","2902"
"Jun 2, 2026 @ 09:19:17.917","soc-cloud-victim-03","Dpkg (Debian Package) half configured.","7","2904"
"Jun 2, 2026 @ 09:19:17.902","soc-cloud-victim-03","New dpkg (Debian Package) installed.","7","2902"
"Jun 2, 2026 @ 09:19:16.505","soc-cloud-victim-03","New dpkg (Debian Package) installed.","7","2902"
"Jun 2, 2026 @ 09:19:16.505","soc-cloud-victim-03","Dpkg (Debian Package) half configured.","7","2904"
"Jun 2, 2026 @ 09:19:16.505","soc-cloud-victim-03","Dpkg (Debian Package) half configured.","7","2904"
"Jun 2, 2026 @ 09:19:16.480","soc-cloud-victim-03","Dpkg (Debian Package) half configured.","7","2904"
"Jun 2, 2026 @ 09:19:16.480","soc-cloud-victim-03","New dpkg (Debian Package) installed.","7","2902"
"Jun 2, 2026 @ 09:19:16.473","soc-cloud-victim-03","New dpkg (Debian Package) installed.","7","2902"
"Jun 2, 2026 @ 09:19:16.473","soc-cloud-victim-03","Dpkg (Debian Package) half configured.","7","2904"
"Jun 2, 2026 @ 09:19:16.473","soc-cloud-victim-03","Dpkg (Debian Package) half configured.","7","2904"
"Jun 2, 2026 @ 09:19:16.473","soc-cloud-victim-03","New dpkg (Debian Package) installed.","7","2902"
"Jun 2, 2026 @ 09:19:16.455","soc-cloud-victim-03","New dpkg (Debian Package) installed.","7","2902"
"Jun 2, 2026 @ 09:19:16.455","soc-cloud-victim-03","Dpkg (Debian Package) half configured.","7","2904"
"Jun 2, 2026 @ 09:19:16.448","soc-cloud-victim-03","Dpkg (Debian Package) half configured.","7","2904"
"Jun 2, 2026 @ 09:19:16.448","soc-cloud-victim-03","Dpkg (Debian Package) half configured.","7","2904"
"Jun 2, 2026 @ 09:19:16.448","soc-cloud-victim-03","New dpkg (Debian Package) installed.","7","2902"
"Jun 2, 2026 @ 09:19:16.448","soc-cloud-victim-03","New dpkg (Debian Package) installed.","7","2902"
"Jun 2, 2026 @ 09:19:16.430","soc-cloud-victim-03","New dpkg (Debian Package) installed.","7","2902"
"Jun 2, 2026 @ 09:19:16.430","soc-cloud-victim-03","Dpkg (Debian Package) half configured.","7","2904"
"Jun 2, 2026 @ 09:19:16.421","soc-cloud-victim-03","New dpkg (Debian Package) installed.","7","2902"
"Jun 2, 2026 @ 09:19:16.421","soc-cloud-victim-03","Dpkg (Debian Package) half configured.","7","2904"
"Jun 2, 2026 @ 09:19:16.421","soc-cloud-victim-03","New dpkg (Debian Package) installed.","7","2902"
"Jun 2, 2026 @ 09:19:16.421","soc-cloud-victim-03","Dpkg (Debian Package) half configured.","7","2904"
"Jun 2, 2026 @ 09:19:16.405","soc-cloud-victim-03","Dpkg (Debian Package) half configured.","7","2904"
"Jun 2, 2026 @ 09:19:16.405","soc-cloud-victim-03","New dpkg (Debian Package) installed.","7","2902"
"Jun 2, 2026 @ 09:19:16.396","soc-cloud-victim-03","New dpkg (Debian Package) installed.","7","2902"
"Jun 2, 2026 @ 09:19:16.396","soc-cloud-victim-03","Dpkg (Debian Package) half configured.","7","2904"
"Jun 2, 2026 @ 09:19:16.396","soc-cloud-victim-03","New dpkg (Debian Package) installed.","7","2902"
"Jun 2, 2026 @ 09:19:16.396","soc-cloud-victim-03","Dpkg (Debian Package) half configured.","7","2904"
"Jun 2, 2026 @ 09:19:16.380","soc-cloud-victim-03","Dpkg (Debian Package) half configured.","7","2904"
"Jun 2, 2026 @ 09:19:16.380","soc-cloud-victim-03","New dpkg (Debian Package) installed.","7","2902"
"Jun 2, 2026 @ 09:19:16.371","soc-cloud-victim-03","Dpkg (Debian Package) half configured.","7","2904"
"Jun 2, 2026 @ 09:19:16.371","soc-cloud-victim-03","Dpkg (Debian Package) half configured.","7","2904"
"Jun 2, 2026 @ 09:19:16.371","soc-cloud-victim-03","New dpkg (Debian Package) installed.","7","2902"
"Jun 2, 2026 @ 09:19:16.371","soc-cloud-victim-03","New dpkg (Debian Package) installed.","7","2902"
"Jun 2, 2026 @ 09:19:16.355","soc-cloud-victim-03","Dpkg (Debian Package) half configured.","7","2904"
"Jun 2, 2026 @ 09:19:16.355","soc-cloud-victim-03","New dpkg (Debian Package) installed.","7","2902"
"Jun 2, 2026 @ 09:19:16.346","soc-cloud-victim-03","Dpkg (Debian Package) half configured.","7","2904"
"Jun 2, 2026 @ 09:19:16.346","soc-cloud-victim-03","Dpkg (Debian Package) half configured.","7","2904"
"Jun 2, 2026 @ 09:19:16.346","soc-cloud-victim-03","New dpkg (Debian Package) installed.","7","2902"
"Jun 2, 2026 @ 09:19:16.330","soc-cloud-victim-03","New dpkg (Debian Package) installed.","7","2902"
"Jun 2, 2026 @ 09:19:16.330","soc-cloud-victim-03","Dpkg (Debian Package) half configured.","7","2904"
"Jun 2, 2026 @ 09:19:16.324","soc-cloud-victim-03","New dpkg (Debian Package) installed.","7","2902"
"Jun 2, 2026 @ 09:19:16.323","soc-cloud-victim-03","Dpkg (Debian Package) half configured.","7","2904"
"Jun 2, 2026 @ 09:19:16.323","soc-cloud-victim-03","New dpkg (Debian Package) installed.","7","2902"
"Jun 2, 2026 @ 09:19:16.323","soc-cloud-victim-03","Dpkg (Debian Package) half configured.","7","2904"
"Jun 2, 2026 @ 09:19:16.305","soc-cloud-victim-03","Dpkg (Debian Package) half configured.","7","2904"
"Jun 2, 2026 @ 09:19:16.305","soc-cloud-victim-03","New dpkg (Debian Package) installed.","7","2902"
"Jun 2, 2026 @ 09:19:16.297","soc-cloud-victim-03","New dpkg (Debian Package) installed.","7","2902"
"Jun 2, 2026 @ 09:19:16.297","soc-cloud-victim-03","Dpkg (Debian Package) half configured.","7","2904"
"Jun 2, 2026 @ 09:19:16.296","soc-cloud-victim-03","New dpkg (Debian Package) installed.","7","2902"
"Jun 2, 2026 @ 09:19:16.296","soc-cloud-victim-03","Dpkg (Debian Package) half configured.","7","2904"
"Jun 2, 2026 @ 09:19:16.281","soc-cloud-victim-03","Dpkg (Debian Package) half configured.","7","2904"
"Jun 2, 2026 @ 09:19:16.281","soc-cloud-victim-03","New dpkg (Debian Package) installed.","7","2902"
"Jun 2, 2026 @ 09:19:16.272","soc-cloud-victim-03","New dpkg (Debian Package) installed.","7","2902"
"Jun 2, 2026 @ 09:19:16.272","soc-cloud-victim-03","Dpkg (Debian Package) half configured.","7","2904"
"Jun 2, 2026 @ 09:19:16.272","soc-cloud-victim-03","New dpkg (Debian Package) installed.","7","2902"
"Jun 2, 2026 @ 09:19:16.272","soc-cloud-victim-03","Dpkg (Debian Package) half configured.","7","2904"
"Jun 2, 2026 @ 09:19:16.256","soc-cloud-victim-03","New dpkg (Debian Package) installed.","7","2902"
"Jun 2, 2026 @ 09:19:16.256","soc-cloud-victim-03","Dpkg (Debian Package) half configured.","7","2904"
"Jun 2, 2026 @ 09:19:16.249","soc-cloud-victim-03","New dpkg (Debian Package) installed.","7","2902"
"Jun 2, 2026 @ 09:19:16.249","soc-cloud-victim-03","Dpkg (Debian Package) half configured.","7","2904"
"Jun 2, 2026 @ 09:19:16.249","soc-cloud-victim-03","New dpkg (Debian Package) installed.","7","2902"
"Jun 2, 2026 @ 09:19:16.249","soc-cloud-victim-03","Dpkg (Debian Package) half configured.","7","2904"
"Jun 2, 2026 @ 09:19:16.230","soc-cloud-victim-03","New dpkg (Debian Package) installed.","7","2902"
"Jun 2, 2026 @ 09:19:16.230","soc-cloud-victim-03","Dpkg (Debian Package) half configured.","7","2904"
"Jun 2, 2026 @ 09:19:16.222","soc-cloud-victim-03","New dpkg (Debian Package) installed.","7","2902"
"Jun 2, 2026 @ 09:19:16.222","soc-cloud-victim-03","Dpkg (Debian Package) half configured.","7","2904"
"Jun 2, 2026 @ 09:19:16.222","soc-cloud-victim-03","Dpkg (Debian Package) half configured.","7","2904"
"Jun 2, 2026 @ 09:19:16.222","soc-cloud-victim-03","New dpkg (Debian Package) installed.","7","2902"
"Jun 2, 2026 @ 09:19:16.206","soc-cloud-victim-03","New dpkg (Debian Package) installed.","7","2902"
"Jun 2, 2026 @ 09:19:16.206","soc-cloud-victim-03","Dpkg (Debian Package) half configured.","7","2904"
"Jun 2, 2026 @ 09:19:16.197","soc-cloud-victim-03","New dpkg (Debian Package) installed.","7","2902"
"Jun 2, 2026 @ 09:19:16.197","soc-cloud-victim-03","Dpkg (Debian Package) half configured.","7","2904"
"Jun 2, 2026 @ 09:19:16.197","soc-cloud-victim-03","New dpkg (Debian Package) installed.","7","2902"
"Jun 2, 2026 @ 09:19:16.196","soc-cloud-victim-03","Dpkg (Debian Package) half configured.","7","2904"
"Jun 2, 2026 @ 09:19:16.181","soc-cloud-victim-03","New dpkg (Debian Package) installed.","7","2902"
"Jun 2, 2026 @ 09:19:16.181","soc-cloud-victim-03","Dpkg (Debian Package) half configured.","7","2904"
"Jun 2, 2026 @ 09:19:16.172","soc-cloud-victim-03","New dpkg (Debian Package) installed.","7","2902"
"Jun 2, 2026 @ 09:19:16.172","soc-cloud-victim-03","New dpkg (Debian Package) installed.","7","2902"
"Jun 2, 2026 @ 09:19:16.172","soc-cloud-victim-03","Dpkg (Debian Package) half configured.","7","2904"
"Jun 2, 2026 @ 09:19:16.172","soc-cloud-victim-03","Dpkg (Debian Package) half configured.","7","2904"
"Jun 2, 2026 @ 09:19:16.156","soc-cloud-victim-03","New dpkg (Debian Package) installed.","7","2902"
"Jun 2, 2026 @ 09:19:16.155","soc-cloud-victim-03","Dpkg (Debian Package) half configured.","7","2904"
"Jun 2, 2026 @ 09:19:16.149","soc-cloud-victim-03","New dpkg (Debian Package) installed.","7","2902"
"Jun 2, 2026 @ 09:19:16.149","soc-cloud-victim-03","New dpkg (Debian Package) installed.","7","2902"
"Jun 2, 2026 @ 09:19:16.149","soc-cloud-victim-03","Dpkg (Debian Package) half configured.","7","2904"
"Jun 2, 2026 @ 09:19:16.149","soc-cloud-victim-03","Dpkg (Debian Package) half configured.","7","2904"
"Jun 2, 2026 @ 09:19:16.131","soc-cloud-victim-03","Dpkg (Debian Package) half configured.","7","2904"
"Jun 2, 2026 @ 09:19:16.131","soc-cloud-victim-03","New dpkg (Debian Package) installed.","7","2902"
"Jun 2, 2026 @ 09:19:16.124","soc-cloud-victim-03","New dpkg (Debian Package) installed.","7","2902"
"Jun 2, 2026 @ 09:19:16.124","soc-cloud-victim-03","Dpkg (Debian Package) half configured.","7","2904"
"Jun 2, 2026 @ 09:19:16.124","soc-cloud-victim-03","New dpkg (Debian Package) installed.","7","2902"
"Jun 2, 2026 @ 09:19:16.124","soc-cloud-victim-03","Dpkg (Debian Package) half configured.","7","2904"
"Jun 2, 2026 @ 09:19:16.106","soc-cloud-victim-03","Dpkg (Debian Package) half configured.","7","2904"
"Jun 2, 2026 @ 09:19:16.106","soc-cloud-victim-03","New dpkg (Debian Package) installed.","7","2902"
"Jun 2, 2026 @ 09:19:16.097","soc-cloud-victim-03","Dpkg (Debian Package) half configured.","7","2904"
"Jun 2, 2026 @ 09:19:16.097","soc-cloud-victim-03","New dpkg (Debian Package) installed.","7","2902"
"Jun 2, 2026 @ 09:19:16.097","soc-cloud-victim-03","Dpkg (Debian Package) half configured.","7","2904"
"Jun 2, 2026 @ 09:19:16.097","soc-cloud-victim-03","New dpkg (Debian Package) installed.","7","2902"
"Jun 2, 2026 @ 09:19:16.081","soc-cloud-victim-03","New dpkg (Debian Package) installed.","7","2902"
"Jun 2, 2026 @ 09:19:16.081","soc-cloud-victim-03","Dpkg (Debian Package) half configured.","7","2904"
"Jun 2, 2026 @ 09:19:16.074","soc-cloud-victim-03","Dpkg (Debian Package) half configured.","7","2904"
"Jun 2, 2026 @ 09:19:16.074","soc-cloud-victim-03","New dpkg (Debian Package) installed.","7","2902"
"Jun 2, 2026 @ 09:19:16.074","soc-cloud-victim-03","New dpkg (Debian Package) installed.","7","2902"
"Jun 2, 2026 @ 09:19:16.074","soc-cloud-victim-03","Dpkg (Debian Package) half configured.","7","2904"
"Jun 2, 2026 @ 09:19:16.056","soc-cloud-victim-03","Dpkg (Debian Package) half configured.","7","2904"
"Jun 2, 2026 @ 09:19:16.056","soc-cloud-victim-03","New dpkg (Debian Package) installed.","7","2902"
"Jun 2, 2026 @ 09:19:16.056","soc-cloud-victim-03","New dpkg (Debian Package) installed.","7","2902"
"Jun 2, 2026 @ 09:19:16.056","soc-cloud-victim-03","Dpkg (Debian Package) half configured.","7","2904"
"Jun 2, 2026 @ 09:19:16.031","soc-cloud-victim-03","New dpkg (Debian Package) installed.","7","2902"
"Jun 2, 2026 @ 09:19:16.031","soc-cloud-victim-03","Dpkg (Debian Package) half configured.","7","2904"
"Jun 2, 2026 @ 09:19:16.023","soc-cloud-victim-03","Dpkg (Debian Package) half configured.","7","2904"
"Jun 2, 2026 @ 09:19:16.023","soc-cloud-victim-03","New dpkg (Debian Package) installed.","7","2902"
"Jun 2, 2026 @ 09:19:16.023","soc-cloud-victim-03","Dpkg (Debian Package) half configured.","7","2904"
"Jun 2, 2026 @ 09:19:16.023","soc-cloud-victim-03","New dpkg (Debian Package) installed.","7","2902"
"Jun 2, 2026 @ 09:19:16.006","soc-cloud-victim-03","New dpkg (Debian Package) installed.","7","2902"
"Jun 2, 2026 @ 09:19:16.006","soc-cloud-victim-03","Dpkg (Debian Package) half configured.","7","2904"
"Jun 2, 2026 @ 09:19:15.996","soc-cloud-victim-03","New dpkg (Debian Package) installed.","7","2902"
"Jun 2, 2026 @ 09:19:15.996","soc-cloud-victim-03","Dpkg (Debian Package) half configured.","7","2904"
"Jun 2, 2026 @ 09:19:15.996","soc-cloud-victim-03","Dpkg (Debian Package) half configured.","7","2904"
"Jun 2, 2026 @ 09:19:15.996","soc-cloud-victim-03","New dpkg (Debian Package) installed.","7","2902"
"Jun 2, 2026 @ 09:19:15.981","soc-cloud-victim-03","Dpkg (Debian Package) half configured.","7","2904"
"Jun 2, 2026 @ 09:19:15.981","soc-cloud-victim-03","New dpkg (Debian Package) installed.","7","2902"
"Jun 2, 2026 @ 09:19:15.973","soc-cloud-victim-03","Dpkg (Debian Package) half configured.","7","2904"
"Jun 2, 2026 @ 09:19:15.973","soc-cloud-victim-03","Dpkg (Debian Package) half configured.","7","2904"
"Jun 2, 2026 @ 09:19:15.973","soc-cloud-victim-03","New dpkg (Debian Package) installed.","7","2902"
"Jun 2, 2026 @ 09:19:15.973","soc-cloud-victim-03","New dpkg (Debian Package) installed.","7","2902"
"Jun 2, 2026 @ 09:19:15.956","soc-cloud-victim-03","New dpkg (Debian Package) installed.","7","2902"
"Jun 2, 2026 @ 09:19:15.956","soc-cloud-victim-03","Dpkg (Debian Package) half configured.","7","2904"
"Jun 2, 2026 @ 09:19:15.950","soc-cloud-victim-03","New dpkg (Debian Package) installed.","7","2902"
"Jun 2, 2026 @ 09:19:15.950","soc-cloud-victim-03","Dpkg (Debian Package) half configured.","7","2904"
"Jun 2, 2026 @ 09:19:15.950","soc-cloud-victim-03","Dpkg (Debian Package) half configured.","7","2904"
"Jun 2, 2026 @ 09:19:15.950","soc-cloud-victim-03","New dpkg (Debian Package) installed.","7","2902"
"Jun 2, 2026 @ 09:19:15.931","soc-cloud-victim-03","New dpkg (Debian Package) installed.","7","2902"
"Jun 2, 2026 @ 09:19:15.931","soc-cloud-victim-03","Dpkg (Debian Package) half configured.","7","2904"
"Jun 2, 2026 @ 09:19:15.925","soc-cloud-victim-03","New dpkg (Debian Package) requested to install.","3","2901"
"Jun 2, 2026 @ 09:19:15.925","soc-cloud-victim-03","New dpkg (Debian Package) requested to install.","3","2901"
"Jun 2, 2026 @ 09:19:11.965","soc-cloud-victim-03","New dpkg (Debian Package) requested to install.","3","2901"
"Jun 2, 2026 @ 09:19:11.956","soc-cloud-victim-03","New dpkg (Debian Package) requested to install.","3","2901"
"Jun 2, 2026 @ 09:19:11.956","soc-cloud-victim-03","New dpkg (Debian Package) requested to install.","3","2901"
"Jun 2, 2026 @ 09:19:11.939","soc-cloud-victim-03","New dpkg (Debian Package) requested to install.","3","2901"
"Jun 2, 2026 @ 09:19:11.939","soc-cloud-victim-03","New dpkg (Debian Package) requested to install.","3","2901"
"Jun 2, 2026 @ 09:19:11.929","soc-cloud-victim-03","New dpkg (Debian Package) requested to install.","3","2901"
"Jun 2, 2026 @ 09:19:11.929","soc-cloud-victim-03","Dpkg (Debian Package) half configured.","7","2904"
"Jun 2, 2026 @ 09:19:10.071","soc-cloud-victim-03","New dpkg (Debian Package) requested to install.","3","2901"
"Jun 2, 2026 @ 09:19:10.071","soc-cloud-victim-03","New dpkg (Debian Package) requested to install.","3","2901"
"Jun 2, 2026 @ 09:19:10.046","soc-cloud-victim-03","New dpkg (Debian Package) requested to install.","3","2901"
"Jun 2, 2026 @ 09:19:10.046","soc-cloud-victim-03","New dpkg (Debian Package) requested to install.","3","2901"
"Jun 2, 2026 @ 09:19:10.038","soc-cloud-victim-03","New dpkg (Debian Package) requested to install.","3","2901"
"Jun 2, 2026 @ 09:19:10.038","soc-cloud-victim-03","New dpkg (Debian Package) requested to install.","3","2901"
"Jun 2, 2026 @ 09:19:10.021","soc-cloud-victim-03","New dpkg (Debian Package) requested to install.","3","2901"
"Jun 2, 2026 @ 09:19:10.021","soc-cloud-victim-03","New dpkg (Debian Package) requested to install.","3","2901"
"Jun 2, 2026 @ 09:19:10.011","soc-cloud-victim-03","New dpkg (Debian Package) requested to install.","3","2901"
"Jun 2, 2026 @ 09:19:10.011","soc-cloud-victim-03","New dpkg (Debian Package) requested to install.","3","2901"
"Jun 2, 2026 @ 09:19:09.996","soc-cloud-victim-03","New dpkg (Debian Package) requested to install.","3","2901"
"Jun 2, 2026 @ 09:19:09.996","soc-cloud-victim-03","New dpkg (Debian Package) requested to install.","3","2901"
"Jun 2, 2026 @ 09:19:09.987","soc-cloud-victim-03","New dpkg (Debian Package) requested to install.","3","2901"
"Jun 2, 2026 @ 09:19:09.987","soc-cloud-victim-03","New dpkg (Debian Package) requested to install.","3","2901"
"Jun 2, 2026 @ 09:19:09.970","soc-cloud-victim-03","New dpkg (Debian Package) requested to install.","3","2901"
"Jun 2, 2026 @ 09:19:09.970","soc-cloud-victim-03","New dpkg (Debian Package) requested to install.","3","2901"
"Jun 2, 2026 @ 09:19:09.960","soc-cloud-victim-03","New dpkg (Debian Package) requested to install.","3","2901"
"Jun 2, 2026 @ 09:19:09.960","soc-cloud-victim-03","New dpkg (Debian Package) requested to install.","3","2901"
"Jun 2, 2026 @ 09:19:09.945","soc-cloud-victim-03","New dpkg (Debian Package) requested to install.","3","2901"
"Jun 2, 2026 @ 09:19:09.945","soc-cloud-victim-03","New dpkg (Debian Package) requested to install.","3","2901"
"Jun 2, 2026 @ 09:19:09.935","soc-cloud-victim-03","New dpkg (Debian Package) requested to install.","3","2901"
"Jun 2, 2026 @ 09:19:09.934","soc-cloud-victim-03","New dpkg (Debian Package) requested to install.","3","2901"
"Jun 2, 2026 @ 09:19:09.934","soc-cloud-victim-03","New dpkg (Debian Package) requested to install.","3","2901"
"Jun 2, 2026 @ 09:19:08.048","soc-cloud-victim-03","New dpkg (Debian Package) requested to install.","3","2901"
"Jun 2, 2026 @ 09:19:08.048","soc-cloud-victim-03","New dpkg (Debian Package) requested to install.","3","2901"
"Jun 2, 2026 @ 09:19:08.023","soc-cloud-victim-03","New dpkg (Debian Package) requested to install.","3","2901"
"Jun 2, 2026 @ 09:19:08.023","soc-cloud-victim-03","New dpkg (Debian Package) requested to install.","3","2901"
"Jun 2, 2026 @ 09:19:08.014","soc-cloud-victim-03","New dpkg (Debian Package) requested to install.","3","2901"
"Jun 2, 2026 @ 09:19:08.014","soc-cloud-victim-03","New dpkg (Debian Package) requested to install.","3","2901"
"Jun 2, 2026 @ 09:19:08.014","soc-cloud-victim-03","New dpkg (Debian Package) requested to install.","3","2901"
"Jun 2, 2026 @ 09:19:07.998","soc-cloud-victim-03","New dpkg (Debian Package) requested to install.","3","2901"
"Jun 2, 2026 @ 09:19:07.989","soc-cloud-victim-03","New dpkg (Debian Package) requested to install.","3","2901"
"Jun 2, 2026 @ 09:19:07.989","soc-cloud-victim-03","New dpkg (Debian Package) requested to install.","3","2901"
"Jun 2, 2026 @ 09:19:07.989","soc-cloud-victim-03","New dpkg (Debian Package) requested to install.","3","2901"
"Jun 2, 2026 @ 09:19:07.973","soc-cloud-victim-03","New dpkg (Debian Package) requested to install.","3","2901"
"Jun 2, 2026 @ 09:19:07.964","soc-cloud-victim-03","New dpkg (Debian Package) requested to install.","3","2901"
"Jun 2, 2026 @ 09:19:07.964","soc-cloud-victim-03","New dpkg (Debian Package) requested to install.","3","2901"
"Jun 2, 2026 @ 09:19:07.948","soc-cloud-victim-03","New dpkg (Debian Package) requested to install.","3","2901"
"Jun 2, 2026 @ 09:19:07.948","soc-cloud-victim-03","New dpkg (Debian Package) requested to install.","3","2901"
"Jun 2, 2026 @ 09:19:07.937","soc-cloud-victim-03","New dpkg (Debian Package) requested to install.","3","2901"
"Jun 2, 2026 @ 09:19:07.937","soc-cloud-victim-03","New dpkg (Debian Package) requested to install.","3","2901"
"Jun 2, 2026 @ 09:19:07.937","soc-cloud-victim-03","New dpkg (Debian Package) requested to install.","3","2901"
"Jun 2, 2026 @ 09:19:06.078","soc-cloud-victim-03","New dpkg (Debian Package) requested to install.","3","2901"
"Jun 2, 2026 @ 09:19:06.053","soc-cloud-victim-03","New dpkg (Debian Package) requested to install.","3","2901"
"Jun 2, 2026 @ 09:19:06.044","soc-cloud-victim-03","New dpkg (Debian Package) requested to install.","3","2901"
"Jun 2, 2026 @ 09:19:06.044","soc-cloud-victim-03","New dpkg (Debian Package) requested to install.","3","2901"
"Jun 2, 2026 @ 09:19:06.044","soc-cloud-victim-03","New dpkg (Debian Package) requested to install.","3","2901"
"Jun 2, 2026 @ 09:19:06.027","soc-cloud-victim-03","New dpkg (Debian Package) requested to install.","3","2901"
"Jun 2, 2026 @ 09:19:06.027","soc-cloud-victim-03","New dpkg (Debian Package) requested to install.","3","2901"
"Jun 2, 2026 @ 09:19:06.017","soc-cloud-victim-03","New dpkg (Debian Package) requested to install.","3","2901"
"Jun 2, 2026 @ 09:19:06.017","soc-cloud-victim-03","New dpkg (Debian Package) requested to install.","3","2901"
"Jun 2, 2026 @ 09:19:06.002","soc-cloud-victim-03","New dpkg (Debian Package) requested to install.","3","2901"
"Jun 2, 2026 @ 09:19:05.994","soc-cloud-victim-03","New dpkg (Debian Package) requested to install.","3","2901"
"Jun 2, 2026 @ 09:19:05.994","soc-cloud-victim-03","New dpkg (Debian Package) requested to install.","3","2901"
"Jun 2, 2026 @ 09:19:05.994","soc-cloud-victim-03","New dpkg (Debian Package) requested to install.","3","2901"
"Jun 2, 2026 @ 09:19:05.977","soc-cloud-victim-03","New dpkg (Debian Package) requested to install.","3","2901"
"Jun 2, 2026 @ 09:19:05.969","soc-cloud-victim-03","New dpkg (Debian Package) requested to install.","3","2901"